Image,Emotion
2012-05-06144420.jpg,1
2711735584_08733d1e45_o.jpg,1
2956516358_24c1f23768_o.jpg,1
318861586_e5e662b70f_z.jpg,0
3617997999_4505a58d9c_o.jpg,1
38456_1475727086138_1022532225_31370206_3996836_n.jpg,1
3918719435_82b11dcba6_o.jpg,2
3973591816_12cdbd39ce_z.jpg,1
4418664902_10c6e5d831_o.jpg,1
443738371_15dbc126ed_o.jpg,1
4451440734_0c5de7019d_o.jpg,1
4732984233_0fb9c1789d_o.jpg,1
4900851395_1287eea7b5_o.jpg,1
494043893_511442d9ca_z.jpg,0
5045855615_f0419390bf_b.jpg,0
5095416259_f2fa702c73_b.jpg,1
5728980527_c67e4e236d_o.jpg,0
575px-WilmaOlson.jpg,1
610900192_6a54ec9688_o.jpg,0
6147167672_e3bbdc52d2_o.jpg,1
6153513558_044efa45d2_o.jpg,1
6334716732_3bfe43ba2c_o.jpg,1
6431457809_f9ed5eacda_o.jpg,1
6431464177_9a222610fe_o.jpg,1
6748122431_3286f0526a_b.jpg,0
682px-Model_Dominika_Pstrosova.jpg,0
7543114798_d3a52fc362_o.jpg,0
773px-Dustin_Lance_Black_at_Bryant_Park.jpg,1
8027ri-Erika_Goerlitz.jpg,1
8115173969_3afc8b106a_o.jpg,1
8118641528_ef2834c5fb_z.jpg,0
8179685388_2428e6217c_o.jpg,0
8525591570_61d220e934_o.jpg,1
8680491028_e728eee3e8_o.jpg,1
9053039024_d553f12079_o.jpg,0
9251674623_8644f3b086_b.jpg,6
Bobby_Jindal_official_109th_Congressional_photo.jpg,1
Chuck_Face_Close-Up.jpg,0
Helle_Thorning-Schmidt_portrait.jpg,1
IvanBartos_face.jpg,0
Jay_Walsh_May_2008.jpg,1
John_9-07.jpg,1
Martin_Amis_2012_by_Maximilian_Schoenherr.jpg,0
Nadine_Labaki.jpg,1
Pirate_from_Puntland_in_the_jailhouse_of_Mandheera_Somaliland.jpg,0
Red_Headed_Young_Man.jpg,1
Woman_redhead_natural_portrait.jpg,0
Woody_Milintachinda.jpg,0
Young_man_with_dimples.jpg,1
